dteday,cnt,temp,hum,season,yr,mnth,holiday,weekday,workingday,weathersit,atemp,windspeed,casual,registered,instant
2011-01-01,985,0.344167,0.805833,1,0,1,0,6,0,2,0.363625,0.160446,331,654,1
2011-01-03,1349,0.196364,0.437273,1,0,1,0,1,1,1,0.189405,0.248309,120,1229,3
2011-01-07,1510,0.196522,0.498696,1,0,1,0,5,1,2,0.208839,0.168726,148,1362,7
2011-01-08,959,0.165,0.535833,1,0,1,0,6,0,2,0.162254,0.266804,68,891,8
2011-01-10,1321,0.150833,0.482917,1,0,1,0,1,1,1,0.150888,0.223267,41,1280,10
2011-01-11,1263,0.169091,0.686364,1,0,1,0,2,1,2,0.191464,0.122132,43,1220,11
2011-01-12,1162,0.172727,0.599545,1,0,1,0,3,1,1,0.160473,0.304627,25,1137,12
2011-01-16,1204,0.231667,0.48375,1,0,1,0,0,0,1,0.234217,0.188433,251,953,16
2011-01-19,1650,0.292174,0.741739,1,0,1,0,3,1,2,0.298422,0.208317,78,1572,19
2011-01-23,986,0.0965217,0.436522,1,0,1,0,0,0,1,0.0988391,0.2466,150,836,23
2011-01-24,1416,0.0973913,0.491739,1,0,1,0,1,1,1,0.11793,0.15833,86,1330,24
2011-01-25,1985,0.223478,0.616957,1,0,1,0,2,1,2,0.234526,0.129796,186,1799,25
2011-01-29,1098,0.196522,0.651739,1,0,1,0,6,0,1,0.212126,0.145365,123,975,29
2011-01-30,1096,0.216522,0.722174,1,0,1,0,0,0,1,0.250322,0.0739826,140,956,30
2011-01-31,1501,0.180833,0.60375,1,0,1,0,1,1,2,0.18625,0.187192,42,1459,31
2011-02-01,1360,0.192174,0.829565,1,0,2,0,2,1,2,0.23453,0.053213,47,1313,32
2011-02-03,1550,0.186957,0.437826,1,0,2,0,4,1,1,0.177878,0.277752,61,1489,34
2011-02-09,1605,0.134783,0.494783,1,0,2,0,3,1,2,0.144283,0.188839,53,1552,40
2011-02-11,1746,0.189091,0.506364,1,0,2,0,5,1,1,0.213509,0.10855,149,1597,42
2011-02-12,1472,0.2225,0.544167,1,0,2,0,6,0,1,0.232954,0.203367,288,1184,43
2011-02-13,1589,0.316522,0.457391,1,0,2,0,0,0,1,0.324113,0.260883,397,1192,44
2011-02-14,1913,0.415,0.375833,1,0,2,0,1,1,1,0.39835,0.417908,208,1705,45
2011-02-16,2115,0.318261,0.423478,1,0,2,0,3,1,1,0.3162,0.251791,218,1897,47
2011-02-19,1635,0.399167,0.187917,1,0,2,0,6,0,1,0.391404,0.507463,532,1103,50
2011-02-21,1107,0.303333,0.605,1,0,2,1,1,0,2,0.284075,0.307846,195,912,52
2011-02-24,1807,0.295652,0.697391,1,0,2,0,4,1,2,0.289191,0.250496,100,1707,55
2011-02-25,1461,0.364348,0.712174,1,0,2,0,5,1,2,0.350461,0.346539,120,1341,56
2011-02-26,1969,0.2825,0.537917,1,0,2,0,6,0,1,0.282192,0.186571,424,1545,57
2011-03-01,1851,0.266667,0.535,1,0,3,0,2,1,1,0.263879,0.216425,137,1714,60
2011-03-02,2134,0.335,0.449583,1,0,3,0,3,1,1,0.320071,0.307833,231,1903,61
2011-03-03,1685,0.198333,0.318333,1,0,3,0,4,1,1,0.200133,0.225754,123,1562,62
2011-03-05,2077,0.384167,0.789167,1,0,3,0,6,0,2,0.378779,0.251871,640,1437,64
2011-03-07,1872,0.261739,0.551304,1,0,3,0,1,1,1,0.238461,0.341352,244,1628,66
2011-03-08,2133,0.2925,0.420833,1,0,3,0,2,1,1,0.3024,0.12065,316,1817,67
2011-03-10,623,0.389091,0.0,1,0,3,0,4,1,3,0.385668,0.261877,46,577,69
2011-03-11,1977,0.316522,0.649565,1,0,3,0,5,1,2,0.305,0.23297,247,1730,70
2011-03-12,2132,0.329167,0.594583,1,0,3,0,6,0,1,0.32575,0.220775,724,1408,71
2011-03-14,2046,0.325217,0.496957,1,0,3,0,1,1,1,0.332,0.136926,359,1687,73
2011-03-15,2056,0.317391,0.655652,1,0,3,0,2,1,2,0.318178,0.184309,289,1767,74
2011-03-17,2744,0.415,0.602917,1,0,3,0,4,1,1,0.410333,0.209579,424,2320,76
2011-03-18,3239,0.54,0.525217,1,0,3,0,5,1,1,0.527009,0.231017,884,2355,77
2011-03-19,3117,0.4725,0.379167,1,0,3,0,6,0,1,0.466525,0.368167,1424,1693,78
2011-03-20,2471,0.3325,0.47375,1,0,3,0,0,0,1,0.32575,0.207721,1047,1424,79
2011-03-21,2077,0.430435,0.737391,2,0,3,0,1,1,2,0.409735,0.288783,401,1676,80
2011-03-23,2121,0.346957,0.839565,2,0,3,0,3,1,2,0.337939,0.234261,203,1918,82
2011-03-24,1865,0.285,0.805833,2,0,3,0,4,1,2,0.270833,0.243787,166,1699,83
2011-03-25,2210,0.264167,0.495,2,0,3,0,5,1,1,0.256312,0.230725,300,1910,84
2011-03-26,2496,0.265833,0.394167,2,0,3,0,6,0,1,0.257571,0.209571,981,1515,85
2011-03-28,2028,0.264348,0.302174,2,0,3,0,1,1,1,0.257574,0.212204,222,1806,87
2011-03-30,1536,0.3,0.646667,2,0,3,0,3,1,2,0.29735,0.172888,168,1368,89
2011-03-31,1685,0.268333,0.918333,2,0,3,0,4,1,3,0.257575,0.217646,179,1506,90
2011-04-01,2227,0.3,0.68625,2,0,4,0,5,1,2,0.283454,0.258708,307,1920,91
2011-04-03,3249,0.378333,0.48,2,0,4,0,0,0,1,0.378767,0.182213,1651,1598,93
2011-04-04,3115,0.573333,0.42625,2,0,4,0,1,1,1,0.542929,0.385571,734,2381,94
2011-04-08,1471,0.335833,0.83625,2,0,4,0,5,1,2,0.324479,0.226992,172,1299,98
2011-04-11,3348,0.595652,0.716956,2,0,4,0,1,1,2,0.565217,0.324474,855,2493,101
2011-04-12,2034,0.5025,0.739167,2,0,4,0,2,1,2,0.493054,0.274879,257,1777,102
2011-04-15,3126,0.446667,0.67125,2,0,4,1,5,0,1,0.441913,0.226375,642,2484,105
2011-04-18,3429,0.5125,0.5425,2,0,4,0,1,1,1,0.503146,0.163567,669,2760,108
2011-04-19,3204,0.505833,0.665833,2,0,4,0,2,1,2,0.489258,0.157971,409,2795,109
2011-04-20,3944,0.595,0.614167,2,0,4,0,3,1,1,0.564392,0.241925,613,3331,110
2011-04-21,4189,0.459167,0.407083,2,0,4,0,4,1,1,0.453892,0.325258,745,3444,111
2011-04-25,4073,0.606667,0.776667,2,0,4,0,1,1,1,0.5745,0.185333,773,3300,115
2011-04-27,3872,0.62,0.835417,2,0,4,0,3,1,2,0.575142,0.3122,547,3325,117
2011-04-28,4058,0.6175,0.700833,2,0,4,0,4,1,2,0.578929,0.320908,569,3489,118
2011-04-29,4595,0.51,0.457083,2,0,4,0,5,1,1,0.497463,0.240063,878,3717,119
2011-05-01,3351,0.451667,0.762083,2,0,5,0,0,0,2,0.448204,0.106354,1138,2213,121
2011-05-05,4433,0.459167,0.444167,2,0,5,0,4,1,1,0.441917,0.295392,614,3819,125
2011-05-06,4608,0.479167,0.59,2,0,5,0,5,1,1,0.474117,0.228246,894,3714,126
2011-05-12,4864,0.535,0.7475,2,0,5,0,4,1,1,0.523363,0.189667,695,4169,132
2011-05-13,4105,0.5125,0.863333,2,0,5,0,5,1,2,0.4943,0.179725,692,3413,133
2011-05-14,3409,0.520833,0.9225,2,0,5,0,6,0,2,0.500629,0.13495,902,2507,134
2011-05-16,3958,0.5775,0.787917,2,0,5,0,1,1,1,0.550512,0.126871,773,3185,136
2011-05-17,4123,0.561667,0.837917,2,0,5,0,2,1,2,0.538529,0.277354,678,3445,137
2011-05-18,3855,0.55,0.87,2,0,5,0,3,1,2,0.527158,0.201492,536,3319,138
2011-05-21,5805,0.6025,0.626667,2,0,5,0,6,0,1,0.571975,0.12065,2258,3547,141
2011-05-25,4978,0.660833,0.69625,2,0,5,0,3,1,1,0.615542,0.154233,740,4238,145
2011-05-26,4677,0.708333,0.6775,2,0,5,0,4,1,1,0.654688,0.199642,758,3919,146
2011-05-29,4788,0.6675,0.81875,2,0,5,0,0,0,1,0.61555,0.213938,2355,2433,149
2011-05-30,4098,0.733333,0.685,2,0,5,1,1,0,1,0.671092,0.131225,1549,2549,150
2011-06-03,5312,0.62,0.354167,2,0,6,0,5,1,1,0.587133,0.253121,898,4414,154
2011-06-05,4906,0.648333,0.6525,2,0,6,0,0,0,2,0.616804,0.138692,1685,3221,156
2011-06-08,4401,0.775833,0.622083,2,0,6,0,3,1,1,0.727279,0.136817,676,3725,159
2011-06-13,5020,0.635,0.494583,2,0,6,0,1,1,1,0.601654,0.30535,863,4157,164
2011-06-14,4891,0.604167,0.507083,2,0,6,0,2,1,1,0.591546,0.269283,727,4164,165
2011-06-15,5180,0.626667,0.471667,2,0,6,0,3,1,1,0.587754,0.167912,769,4411,166
2011-06-17,4844,0.649167,0.735833,2,0,6,0,5,1,1,0.600383,0.143029,863,3981,168
2011-06-24,4991,0.724167,0.573333,3,0,6,0,5,1,1,0.656583,0.222025,969,4022,175
2011-06-26,5305,0.68,0.513333,3,0,6,0,0,0,1,0.637629,0.0945333,1920,3385,177
2011-06-27,4708,0.6825,0.658333,3,0,6,0,1,1,2,0.637004,0.107588,854,3854,178
2011-06-28,4648,0.744167,0.634167,3,0,6,0,2,1,1,0.692558,0.144283,732,3916,179
2011-06-29,5225,0.728333,0.497917,3,0,6,0,3,1,1,0.654688,0.261821,848,4377,180
2011-07-01,5362,0.7225,0.39625,3,0,7,0,5,1,1,0.652162,0.102608,1246,4116,182
2011-07-02,5119,0.738333,0.444583,3,0,7,0,6,0,1,0.667308,0.115062,2204,2915,183
2011-07-04,6043,0.726667,0.637917,3,0,7,1,1,0,2,0.665417,0.0814792,3065,2978,185
2011-07-05,4665,0.746667,0.590417,3,0,7,0,2,1,1,0.696338,0.126258,1031,3634,186
2011-07-08,4040,0.709167,0.757917,3,0,7,0,5,1,2,0.670483,0.225129,692,3348,189
2011-07-12,4258,0.794167,0.559167,3,0,7,0,2,1,1,0.739275,0.200254,662,3596,193
2011-07-15,5538,0.663333,0.59125,3,0,7,0,5,1,1,0.624371,0.182833,1318,4220,196
2011-07-16,5923,0.686667,0.585,3,0,7,0,6,0,1,0.638263,0.208342,2418,3505,197
2011-07-18,4458,0.746667,0.65125,3,0,7,0,1,1,1,0.703925,0.215804,841,3617,199
2011-07-19,4541,0.776667,0.650417,3,0,7,0,2,1,1,0.747479,0.1306,752,3789,200
2011-07-23,3285,0.849167,0.5,3,0,7,0,6,0,1,0.804287,0.131221,987,2298,204
2011-07-24,3606,0.83,0.550833,3,0,7,0,0,0,1,0.794829,0.169171,1050,2556,205
2011-07-28,4390,0.779167,0.583333,3,0,7,0,4,1,1,0.7399,0.178479,606,3784,209
2011-07-29,3846,0.838333,0.5425,3,0,7,0,5,1,1,0.785967,0.174138,670,3176,210
2011-07-30,4475,0.804167,0.465833,3,0,7,0,6,0,1,0.728537,0.168537,1559,2916,211
2011-07-31,4302,0.805833,0.480833,3,0,7,0,0,0,1,0.729796,0.164813,1524,2778,212
2011-08-01,4266,0.771667,0.550833,3,0,8,0,1,1,1,0.703292,0.156717,729,3537,213
2011-08-02,4845,0.783333,0.49125,3,0,8,0,2,1,1,0.707071,0.20585,801,4044,214
2011-08-04,4576,0.71,0.7575,3,0,8,0,4,1,2,0.664788,0.19715,799,3777,216
2011-08-07,3785,0.7425,0.752917,3,0,8,0,0,0,1,0.715292,0.201487,1298,2487,219
2011-08-09,4602,0.775,0.570417,3,0,8,0,2,1,1,0.724121,0.151121,907,3695,221
2011-08-10,4780,0.766667,0.424167,3,0,8,0,3,1,1,0.684983,0.200258,884,3896,222
2011-08-12,4905,0.708333,0.415,3,0,8,0,5,1,1,0.654042,0.125621,1051,3854,224
2011-08-16,4725,0.700833,0.578333,3,0,8,0,2,1,1,0.645837,0.236329,721,4004,228
2011-08-17,4694,0.723333,0.575417,3,0,8,0,3,1,1,0.666671,0.143667,668,4026,229
2011-08-20,5191,0.6975,0.674167,3,0,8,0,6,0,1,0.648996,0.104467,1914,3277,232
2011-08-23,5895,0.640833,0.455417,3,0,8,0,2,1,1,0.606067,0.146763,1281,4614,235
2011-08-24,5130,0.673333,0.605,3,0,8,0,3,1,1,0.630692,0.253108,949,4181,236
2011-08-25,3542,0.684167,0.771667,3,0,8,0,4,1,2,0.645854,0.210833,435,3107,237
2011-08-27,1115,0.68,0.85,3,0,8,0,6,0,2,0.635556,0.375617,226,889,239
2011-08-28,4334,0.707059,0.561765,3,0,8,0,0,0,1,0.647959,0.304659,1415,2919,240
2011-09-02,4727,0.643333,0.727083,3,0,9,0,5,1,2,0.604808,0.139929,875,3852,245
2011-09-05,3351,0.673333,0.790417,3,0,9,1,1,0,2,0.625646,0.212696,1236,2115,248
2011-09-06,2710,0.54,0.886957,3,0,9,0,2,1,3,0.5152,0.343943,204,2506,249
2011-09-07,1996,0.599167,0.917083,3,0,9,0,3,1,3,0.544229,0.0970208,118,1878,250
2011-09-08,1842,0.633913,0.939565,3,0,9,0,4,1,3,0.555361,0.192748,153,1689,251
2011-09-12,4713,0.644348,0.692174,3,0,9,0,1,1,1,0.60213,0.088913,690,4023,255
2011-09-14,4785,0.673333,0.697083,3,0,9,0,3,1,1,0.6269,0.1673,647,4138,257
2011-09-15,3659,0.5775,0.709167,3,0,9,0,4,1,2,0.553671,0.271146,428,3231,258
2011-09-17,4511,0.491667,0.718333,3,0,9,0,6,0,2,0.478512,0.189675,1434,3077,260
2011-09-18,4274,0.5075,0.695,3,0,9,0,0,0,1,0.490537,0.178483,1353,2921,261
2011-09-19,4539,0.549167,0.69,3,0,9,0,1,1,2,0.529675,0.151742,691,3848,262
2011-09-22,4795,0.628333,0.902083,3,0,9,0,4,1,2,0.554963,0.128125,555,4240,265
2011-09-23,2395,0.609167,0.9725,4,0,9,0,5,1,2,0.522125,0.0783667,258,2137,266
2011-09-24,5423,0.606667,0.8625,4,0,9,0,6,0,2,0.564412,0.0783833,1776,3647,267
2011-09-26,4630,0.649167,0.848333,4,0,9,0,1,1,2,0.589042,0.1107,684,3946,269
2011-09-29,4839,0.616667,0.699167,4,0,9,0,4,1,1,0.574512,0.172883,653,4186,272
2011-10-02,2918,0.356667,0.791667,4,0,10,0,0,0,2,0.345317,0.222013,616,2302,275
2011-10-03,3570,0.384167,0.760833,4,0,10,0,1,1,2,0.392046,0.0833458,330,3240,276
2011-10-05,4826,0.538333,0.647917,4,0,10,0,3,1,1,0.527138,0.17725,559,4267,278
2011-10-06,4765,0.494167,0.620833,4,0,10,0,4,1,1,0.480425,0.134954,639,4126,279
2011-10-09,5511,0.540833,0.7275,4,0,10,0,0,0,1,0.523983,0.06345,2397,3114,282
2011-10-12,2416,0.543333,0.90625,4,0,10,0,3,1,3,0.517717,0.24815,217,2199,285
2011-10-14,3644,0.550833,0.71625,4,0,10,0,5,1,2,0.529675,0.223883,529,3115,287
2011-10-17,4570,0.534167,0.579583,4,0,10,0,1,1,1,0.510725,0.175379,713,3857,290
2011-10-18,4748,0.5325,0.701667,4,0,10,0,2,1,2,0.522721,0.110087,637,4111,291
2011-10-19,2424,0.541739,0.895217,4,0,10,0,3,1,3,0.513848,0.243339,254,2170,292
2011-10-20,4195,0.475833,0.63625,4,0,10,0,4,1,1,0.466525,0.422275,471,3724,293
2011-10-22,4308,0.4225,0.629167,4,0,10,0,6,0,1,0.425492,0.0926667,1499,2809,295
2011-10-24,4187,0.463333,0.772083,4,0,10,0,1,1,1,0.457067,0.118792,699,3488,297
2011-10-27,2659,0.47,0.812917,4,0,10,0,4,1,2,0.457046,0.197763,240,2419,300
2011-10-28,3747,0.330833,0.585833,4,0,10,0,5,1,2,0.318812,0.229479,456,3291,301
2011-10-30,3331,0.319167,0.62375,4,0,10,0,0,0,1,0.321329,0.176617,885,2446,303
2011-11-01,4068,0.400833,0.68375,4,0,11,0,2,1,1,0.397088,0.135571,410,3658,305
2011-11-03,3974,0.408333,0.702083,4,0,11,0,4,1,1,0.405921,0.136817,318,3656,307
2011-11-04,4046,0.403333,0.6225,4,0,11,0,5,1,2,0.403392,0.271779,470,3576,308
2011-11-07,4035,0.395,0.75875,4,0,11,0,1,1,1,0.400871,0.057225,373,3662,311
2011-11-08,4205,0.408333,0.721667,4,0,11,0,2,1,1,0.412246,0.0690375,376,3829,312
2011-11-11,3368,0.324167,0.44625,4,0,11,1,5,0,1,0.306817,0.314675,440,2928,315
2011-11-15,4195,0.53,0.68875,4,0,11,0,2,1,2,0.507579,0.199633,449,3746,319
2011-11-16,1817,0.456667,0.93,4,0,11,0,3,1,3,0.451988,0.136829,145,1672,320
2011-11-20,3520,0.463333,0.684583,4,0,11,0,0,0,2,0.457058,0.18595,787,2733,324
2011-11-21,2765,0.4475,0.91,4,0,11,0,1,1,3,0.445062,0.138054,220,2545,325
2011-11-23,2566,0.440833,0.757917,4,0,11,0,3,1,2,0.430537,0.335825,112,2454,327
2011-11-24,1495,0.373333,0.549167,4,0,11,1,4,0,1,0.372471,0.167304,560,935,328
2011-11-25,2792,0.375,0.64375,4,0,11,0,5,1,1,0.380671,0.0988958,1095,1697,329
2011-11-26,3068,0.375833,0.681667,4,0,11,0,6,0,1,0.385087,0.0684208,1249,1819,330
2011-11-28,3867,0.503478,0.743043,4,0,11,0,1,1,1,0.490122,0.142122,253,3614,332
2011-11-29,2914,0.458333,0.830833,4,0,11,0,2,1,2,0.451375,0.258092,96,2818,333
2011-11-30,3613,0.325,0.613333,4,0,11,0,3,1,1,0.311221,0.271158,188,3425,334
2011-12-01,3727,0.3125,0.524583,4,0,12,0,4,1,1,0.305554,0.220158,182,3545,335
2011-12-02,3940,0.314167,0.625833,4,0,12,0,5,1,1,0.331433,0.100754,268,3672,336
2011-12-03,3614,0.299167,0.612917,4,0,12,0,6,0,1,0.310604,0.0957833,706,2908,337
2011-12-05,3811,0.385833,0.827083,4,0,12,0,1,1,2,0.393925,0.0622083,233,3578,339
2011-12-07,705,0.41,0.970417,4,0,12,0,3,1,3,0.400246,0.266175,50,655,341
2011-12-09,3620,0.290833,0.695833,4,0,12,0,5,1,1,0.317542,0.0827167,261,3359,343
2011-12-11,2743,0.220833,0.49,4,0,12,0,0,0,1,0.253154,0.0665417,377,2366,345
2011-12-13,3523,0.2825,0.59,4,0,12,0,2,1,1,0.301138,0.14055,155,3368,347
2011-12-16,3577,0.375,0.500417,4,0,12,0,5,1,2,0.359825,0.260575,178,3399,350
2011-12-17,2739,0.258333,0.560833,4,0,12,0,6,0,2,0.249371,0.243167,275,2464,351
2011-12-18,2431,0.238333,0.58625,4,0,12,0,0,0,1,0.245579,0.169779,220,2211,352
2011-12-19,3403,0.276667,0.6375,4,0,12,0,1,1,1,0.280933,0.172896,260,3143,353
2011-12-22,3068,0.423333,0.7575,1,0,12,0,4,1,2,0.426121,0.047275,227,2841,356
2011-12-23,2209,0.373333,0.68625,1,0,12,0,5,1,1,0.377513,0.274246,163,2046,357
2011-12-24,1011,0.3025,0.5425,1,0,12,0,6,0,1,0.299242,0.190304,155,856,358
2011-12-27,1162,0.325,0.7625,1,0,12,0,2,1,2,0.327633,0.18845,103,1059,361
2011-12-28,2302,0.29913,0.503913,1,0,12,0,3,1,1,0.279974,0.293961,255,2047,362
2011-12-29,2423,0.248333,0.574167,1,0,12,0,4,1,1,0.263892,0.119412,254,2169,363
2011-12-30,2999,0.311667,0.636667,1,0,12,0,5,1,1,0.318812,0.134337,491,2508,364
2012-01-03,2236,0.15,0.44125,1,1,1,0,2,1,1,0.126275,0.365671,89,2147,368
2012-01-04,2368,0.1075,0.414583,1,1,1,0,3,1,2,0.119337,0.1847,95,2273,369
2012-01-05,3272,0.265833,0.524167,1,1,1,0,4,1,1,0.278412,0.129987,140,3132,370
2012-01-07,4521,0.393333,0.531667,1,1,1,0,6,0,1,0.390779,0.174758,1070,3451,372
2012-01-11,2177,0.274167,0.8475,1,1,1,0,3,1,2,0.282821,0.131221,92,2085,376
2012-01-13,3214,0.274167,0.5075,1,1,1,0,5,1,1,0.249362,0.378108,174,3040,378
2012-01-16,2298,0.19,0.5225,1,1,1,1,1,0,1,0.190663,0.231358,217,2081,381
2012-01-17,2935,0.373043,0.716087,1,1,1,0,2,1,2,0.364278,0.34913,127,2808,382
2012-01-18,3376,0.303333,0.443333,1,1,1,0,3,1,1,0.275254,0.415429,109,3267,383
2012-01-24,4339,0.3425,0.835833,1,1,1,0,2,1,1,0.349108,0.123767,439,3900,389
2012-01-26,4075,0.341667,0.769583,1,1,1,0,4,1,2,0.35605,0.0733958,244,3831,391
2012-01-29,3243,0.2825,0.31125,1,1,1,0,0,0,1,0.272721,0.24005,558,2685,394
2012-01-30,3624,0.269167,0.400833,1,1,1,0,1,1,1,0.262625,0.215792,126,3498,395
2012-01-31,4509,0.39,0.416667,1,1,1,0,2,1,1,0.381317,0.261817,324,4185,396
2012-02-01,4579,0.469167,0.507917,1,1,2,0,3,1,1,0.466538,0.189067,304,4275,397
2012-02-03,4151,0.313333,0.526667,1,1,2,0,5,1,1,0.309346,0.178496,310,3841,399
2012-02-04,2832,0.264167,0.779583,1,1,2,0,6,0,2,0.272725,0.121896,384,2448,400
2012-02-09,3830,0.265,0.562083,1,1,2,0,4,1,1,0.261988,0.194037,163,3667,405
2012-02-10,3831,0.280833,0.54,1,1,2,0,5,1,2,0.293558,0.116929,227,3604,406
2012-02-13,3422,0.2225,0.41125,1,1,2,0,1,1,1,0.227913,0.167283,94,3328,409
2012-02-14,3922,0.319167,0.50875,1,1,2,0,2,1,2,0.333946,0.141179,135,3787,410
2012-02-16,3005,0.316667,0.752917,1,1,2,0,4,1,2,0.330162,0.091425,74,2931,412
2012-02-17,4154,0.343333,0.634583,1,1,2,0,5,1,1,0.351629,0.205846,349,3805,413
2012-02-21,3777,0.287826,0.594348,1,1,2,0,2,1,1,0.295113,0.205717,163,3614,417
2012-02-25,2732,0.290833,0.395833,1,1,2,0,6,0,1,0.255675,0.421642,317,2415,421
2012-02-27,4322,0.366667,0.490833,1,1,2,0,1,1,1,0.357954,0.268033,253,4069,423
2012-02-28,4363,0.359167,0.395833,1,1,2,0,2,1,1,0.353525,0.193417,229,4134,424
2012-02-29,1834,0.344348,0.804783,1,1,2,0,3,1,2,0.34847,0.179117,65,1769,425
2012-03-01,4990,0.485833,0.615417,1,1,3,0,4,1,1,0.475371,0.226987,325,4665,426
2012-03-02,3194,0.353333,0.657083,1,1,3,0,5,1,2,0.359842,0.144904,246,2948,427
2012-03-04,3423,0.325833,0.403333,1,1,3,0,0,0,1,0.303021,0.334571,710,2713,429
2012-03-05,3333,0.243333,0.50625,1,1,3,0,1,1,1,0.241171,0.228858,203,3130,430
2012-03-06,3956,0.258333,0.456667,1,1,3,0,2,1,1,0.255042,0.200875,221,3735,431
2012-03-07,4916,0.404167,0.513333,1,1,3,0,3,1,1,0.3851,0.345779,432,4484,432
2012-03-08,5382,0.5275,0.5675,1,1,3,0,4,1,1,0.524604,0.441563,486,4896,433
2012-03-09,4569,0.410833,0.407083,1,1,3,0,5,1,2,0.397083,0.4148,447,4122,434
2012-03-10,4118,0.2875,0.350417,1,1,3,0,6,0,1,0.277767,0.22575,968,3150,435
2012-03-12,5298,0.466667,0.489167,1,1,3,0,1,1,1,0.459592,0.207713,838,4460,437
2012-03-15,6192,0.5575,0.579583,1,1,3,0,4,1,1,0.532825,0.149883,1005,5187,440
2012-03-19,6153,0.545,0.72875,1,1,3,0,1,1,1,0.532821,0.162317,982,5171,444
2012-03-21,6230,0.531667,0.82125,2,1,3,0,3,1,2,0.513258,0.0895583,1122,5108,446
2012-03-23,8362,0.601667,0.694167,2,1,3,0,5,1,2,0.570067,0.1163,2469,5893,448
2012-03-24,3372,0.5025,0.885417,2,1,3,0,6,0,2,0.486733,0.192783,1033,2339,449
2012-03-25,4996,0.4375,0.880833,2,1,3,0,0,0,2,0.437488,0.220775,1532,3464,450
2012-03-26,5558,0.445833,0.477917,2,1,3,0,1,1,1,0.43875,0.386821,795,4763,451
2012-03-27,5102,0.323333,0.29,2,1,3,0,2,1,1,0.315654,0.187192,531,4571,452
2012-03-29,6133,0.494167,0.439167,2,1,3,0,4,1,1,0.482304,0.31965,834,5299,454
2012-04-01,6041,0.425833,0.67625,2,1,4,0,0,0,2,0.417287,0.172267,2347,3694,457
2012-04-02,5936,0.433913,0.504348,2,1,4,0,1,1,1,0.427513,0.312139,1208,4728,458
2012-04-09,5585,0.489167,0.3175,2,1,4,0,1,1,1,0.476638,0.358196,905,4680,465
2012-04-10,5918,0.446667,0.435,2,1,4,0,2,1,1,0.436233,0.249375,819,5099,466
2012-04-12,5409,0.3975,0.46625,2,1,4,0,4,1,1,0.387604,0.290429,663,4746,468
2012-04-13,6398,0.4425,0.408333,2,1,4,0,5,1,1,0.431808,0.155471,1252,5146,469
2012-04-14,7460,0.495,0.502917,2,1,4,0,6,0,1,0.487996,0.190917,2795,4665,470
2012-04-15,7132,0.606667,0.507917,2,1,4,0,0,0,1,0.573875,0.225129,2846,4286,471
2012-04-18,4367,0.463333,0.569167,2,1,4,0,3,1,2,0.457038,0.167912,347,4020,474
2012-04-23,3214,0.321667,0.766667,2,1,4,0,1,1,2,0.301125,0.303496,195,3019,479
2012-04-25,6196,0.476667,0.427917,2,1,4,0,3,1,1,0.470317,0.118792,655,5541,481
2012-04-26,5026,0.498333,0.756667,2,1,4,0,4,1,2,0.483583,0.176625,475,4551,482
2012-04-27,6233,0.4575,0.400833,2,1,4,0,5,1,1,0.452637,0.347633,1014,5219,483
2012-04-28,4220,0.376667,0.489583,2,1,4,0,6,0,2,0.377504,0.129975,1120,3100,484
2012-05-01,5740,0.613333,0.659583,2,1,5,0,2,1,2,0.577021,0.156096,653,5087,487
2012-05-02,6169,0.564167,0.797083,2,1,5,0,3,1,1,0.537896,0.138058,667,5502,488
2012-05-05,6883,0.621667,0.756667,2,1,5,0,6,0,2,0.584608,0.152992,2496,4387,491
2012-05-09,4717,0.575,0.744167,2,1,5,0,3,1,2,0.553025,0.216412,620,4097,495
2012-05-22,6073,0.615,0.765833,2,1,5,0,2,1,2,0.580825,0.118167,819,5254,508
2012-05-28,6043,0.7125,0.67625,2,1,5,1,1,0,1,0.6793,0.196521,2557,3486,514
2012-05-29,5743,0.7225,0.684583,2,1,5,0,2,1,1,0.672992,0.2954,880,4863,515
2012-05-30,6855,0.656667,0.67,2,1,5,0,3,1,2,0.611129,0.134329,745,6110,516
2012-05-31,7338,0.68,0.492917,2,1,5,0,4,1,1,0.631329,0.195279,1100,6238,517
2012-06-01,4127,0.654167,0.755417,2,1,6,0,5,1,2,0.607962,0.237563,533,3594,518
2012-06-02,8120,0.583333,0.549167,2,1,6,0,6,0,1,0.566288,0.186562,2795,5325,519
2012-06-06,7055,0.554167,0.61125,2,1,6,0,3,1,1,0.542292,0.077125,1027,6028,523
2012-06-07,7494,0.6025,0.567083,2,1,6,0,4,1,1,0.569442,0.15735,1038,6456,524
2012-06-09,7498,0.710833,0.437083,2,1,6,0,6,0,1,0.648367,0.144287,2708,4790,526
2012-06-11,6664,0.720833,0.587917,2,1,6,0,1,1,2,0.659721,0.207713,1017,5647,528
2012-06-13,7421,0.655833,0.582083,2,1,6,0,3,1,1,0.611117,0.343279,1173,6248,530
2012-06-14,7363,0.648333,0.569583,2,1,6,0,4,1,1,0.624383,0.253733,1180,6183,531
2012-06-15,7665,0.639167,0.589583,2,1,6,0,5,1,1,0.599754,0.176617,1563,6102,532
2012-06-16,7702,0.631667,0.504167,2,1,6,0,6,0,1,0.594708,0.166667,2963,4739,533
2012-06-17,6978,0.5925,0.59875,2,1,6,0,0,0,1,0.571975,0.144904,2634,4344,534
2012-06-20,6211,0.7825,0.592083,2,1,6,0,3,1,1,0.720975,0.113812,872,5339,537
2012-06-22,5823,0.7775,0.57375,3,1,6,0,5,1,1,0.724121,0.182842,964,4859,539
2012-06-25,6779,0.715833,0.504167,3,1,6,0,1,1,1,0.654042,0.300383,1139,5640,542
2012-06-26,7442,0.630833,0.373333,3,1,6,0,2,1,1,0.594704,0.347642,1077,6365,543
2012-06-27,7335,0.6975,0.36,3,1,6,0,3,1,1,0.640792,0.271775,1077,6258,544
2012-06-29,5463,0.834167,0.48875,3,1,6,0,5,1,1,0.786613,0.165417,829,4634,546
2012-07-01,5531,0.815833,0.51875,3,1,7,0,0,0,1,0.750629,0.168529,1421,4110,548
2012-07-03,6660,0.780833,0.492083,3,1,7,0,2,1,1,0.70265,0.126237,1052,5608,550
2012-07-04,7403,0.789167,0.53875,3,1,7,1,3,0,1,0.732337,0.13495,2562,4841,551
2012-07-08,4672,0.8225,0.57375,3,1,7,0,0,0,1,0.790396,0.125629,1203,3469,555
2012-07-11,7264,0.716667,0.633333,3,1,7,0,3,1,1,0.650271,0.151733,975,6289,558
2012-07-13,7499,0.731667,0.485833,3,1,7,0,5,1,2,0.667933,0.08085,1511,5988,560
2012-07-22,7410,0.6675,0.7625,3,1,7,0,0,0,2,0.623125,0.0939208,2544,4866,569
2012-07-23,6966,0.741667,0.694167,3,1,7,0,1,1,1,0.690017,0.138683,1135,5831,570
2012-07-25,8173,0.724167,0.45,3,1,7,0,3,1,1,0.654054,0.1648,1383,6790,572
2012-07-26,6861,0.776667,0.596667,3,1,7,0,4,1,1,0.739263,0.284813,1036,5825,573
2012-08-01,7580,0.7175,0.6775,3,1,8,0,3,1,1,0.667308,0.141179,1074,6506,579
2012-08-03,7175,0.765833,0.6425,3,1,8,0,5,1,2,0.722867,0.215792,1328,5847,581
2012-08-05,5464,0.769167,0.6525,3,1,8,0,0,0,1,0.731079,0.290421,1707,3757,583
2012-08-08,7534,0.75,0.672917,3,1,8,0,3,1,2,0.707717,0.1107,1263,6271,586
2012-08-10,5786,0.715833,0.715833,3,1,8,0,5,1,2,0.667942,0.238813,1065,4721,588
2012-08-11,6299,0.6925,0.732917,3,1,8,0,6,0,2,0.638267,0.206479,2247,4052,589
2012-08-12,6544,0.700833,0.530417,3,1,8,0,0,0,1,0.644579,0.122512,2182,4362,590
2012-08-13,6883,0.720833,0.545417,3,1,8,0,1,1,1,0.662254,0.136212,1207,5676,591
2012-08-17,7148,0.723333,0.570833,3,1,8,0,5,1,1,0.2424,0.231354,1483,5665,595
2012-08-18,7865,0.678333,0.603333,3,1,8,0,6,0,1,0.618071,0.177867,2827,5038,596
2012-08-20,6530,0.635833,0.734167,3,1,8,0,1,1,2,0.595967,0.129979,1026,5504,598
2012-08-21,7006,0.649167,0.67375,3,1,8,0,2,1,1,0.601025,0.0727708,1081,5925,599
2012-08-22,7375,0.6675,0.677083,3,1,8,0,3,1,1,0.621854,0.0702833,1094,6281,600
2012-08-24,7582,0.7025,0.615,3,1,8,0,5,1,2,0.6471,0.0721458,1325,6257,602
2012-08-25,6053,0.661667,0.712917,3,1,8,0,6,0,2,0.618696,0.244408,1829,4224,603
2012-08-26,5255,0.653333,0.845833,3,1,8,0,0,0,2,0.595996,0.228858,1483,3772,604
2012-08-28,7040,0.728333,0.62,3,1,8,0,2,1,1,0.66605,0.190925,935,6105,606
2012-08-29,7697,0.685,0.552083,3,1,8,0,3,1,1,0.635733,0.112562,1177,6520,607
2012-08-30,7713,0.706667,0.590417,3,1,8,0,4,1,1,0.652779,0.0771167,1172,6541,608
2012-09-02,5810,0.696667,0.815,3,1,9,0,0,0,2,0.649,0.0640708,2613,3197,611
2012-09-03,6034,0.7075,0.790833,3,1,9,1,1,0,1,0.661629,0.151121,1965,4069,612
2012-09-11,7767,0.5775,0.52,3,1,9,0,2,1,1,0.554292,0.0920542,1070,6697,620
2012-09-16,7333,0.58,0.57,3,1,9,0,0,0,1,0.563125,0.0901833,2166,5167,625
2012-09-18,4073,0.623333,0.8725,3,1,9,0,2,1,2,0.565067,0.357587,371,3702,627
2012-09-19,7591,0.5525,0.536667,3,1,9,0,3,1,1,0.540404,0.215175,788,6803,628
2012-09-21,8167,0.599167,0.66875,3,1,9,0,5,1,1,0.571971,0.154229,1250,6917,630
2012-09-24,7436,0.514167,0.492917,4,1,9,0,1,1,1,0.502513,0.142404,1001,6435,633
2012-09-25,7538,0.55,0.57,4,1,9,0,2,1,1,0.544179,0.236321,845,6693,634
2012-09-26,7733,0.635,0.630833,4,1,9,0,3,1,1,0.596613,0.2444,787,6946,635
2012-09-28,7415,0.619167,0.69,4,1,9,0,5,1,2,0.585863,0.164179,1045,6370,637
2012-09-29,8555,0.5425,0.542917,4,1,9,0,6,0,1,0.530296,0.227604,2589,5966,638
2012-10-01,6778,0.520833,0.649167,4,1,10,0,1,1,2,0.512,0.0908042,763,6015,640
2012-10-03,7572,0.6575,0.79375,4,1,10,0,3,1,2,0.599133,0.0665458,728,6844,642
2012-10-05,8156,0.615,0.6275,4,1,10,0,5,1,1,0.580187,0.10635,1516,6640,644
2012-10-11,7570,0.435,0.463333,4,1,10,0,4,1,1,0.431167,0.181596,834,6736,650
2012-10-12,7282,0.4375,0.539167,4,1,10,0,5,1,1,0.433071,0.235092,1060,6222,651
2012-10-15,5875,0.561667,0.7075,4,1,10,0,1,1,2,0.53915,0.296037,760,5115,654
2012-10-16,7534,0.468333,0.558333,4,1,10,0,2,1,1,0.460846,0.182221,922,6612,655
2012-10-17,7461,0.455833,0.692917,4,1,10,0,3,1,1,0.450108,0.101371,979,6482,656
2012-10-18,7509,0.5225,0.728333,4,1,10,0,4,1,2,0.512625,0.236937,1008,6501,657
2012-10-22,7058,0.4875,0.568333,4,1,10,0,1,1,1,0.482942,0.0814833,830,6228,661
2012-10-26,7444,0.545833,0.807083,4,1,10,0,5,1,2,0.52275,0.132467,1182,6262,665
2012-10-27,7852,0.53,0.72,4,1,10,0,6,0,2,0.515133,0.235692,2643,5209,666
2012-10-29,22,0.44,0.88,4,1,10,0,1,1,3,0.4394,0.3582,2,20,668
2012-11-01,5986,0.365833,0.581667,4,1,11,0,4,1,2,0.369942,0.157346,466,5520,671
2012-11-06,5686,0.280833,0.567083,4,1,11,0,2,1,1,0.281567,0.173513,466,5220,676
2012-11-08,5315,0.352174,0.333478,4,1,11,0,4,1,1,0.341891,0.347835,340,4975,678
2012-11-09,5992,0.361667,0.540833,4,1,11,0,5,1,1,0.355413,0.214558,709,5283,679
2012-11-13,4094,0.343333,0.662917,4,1,11,0,2,1,2,0.323225,0.342046,327,3767,683
2012-11-14,5495,0.289167,0.552083,4,1,11,0,3,1,1,0.281563,0.199625,373,5122,684
2012-11-15,5445,0.321667,0.620417,4,1,11,0,4,1,2,0.324492,0.152987,320,5125,685
2012-11-16,5698,0.345,0.524583,4,1,11,0,5,1,1,0.347204,0.171025,484,5214,686
2012-11-19,5499,0.380833,0.623333,4,1,11,0,1,1,2,0.375621,0.235067,449,5050,689
2012-11-20,5634,0.374167,0.685,4,1,11,0,2,1,2,0.380667,0.082725,534,5100,690
2012-11-21,5146,0.353333,0.61375,4,1,11,0,3,1,1,0.364892,0.103246,615,4531,691
2012-11-28,5260,0.296667,0.50625,4,1,11,0,3,1,1,0.289762,0.210821,198,5062,698
2012-11-29,5323,0.28087,0.555652,4,1,11,0,4,1,1,0.298422,0.115522,243,5080,699
2012-11-30,5668,0.298333,0.649583,4,1,11,0,5,1,1,0.323867,0.0584708,362,5306,700
2012-12-03,6234,0.4525,0.7675,4,1,12,0,1,1,1,0.455796,0.0827208,555,5679,703
2012-12-04,6606,0.475833,0.73375,4,1,12,0,2,1,1,0.469054,0.174129,551,6055,704
2012-12-12,5319,0.2975,0.538333,4,1,12,0,3,1,2,0.297338,0.162937,310,5009,712
2012-12-13,5532,0.295833,0.485833,4,1,12,0,4,1,1,0.294188,0.174129,425,5107,713
2012-12-16,3786,0.3625,0.83875,4,1,12,0,0,0,2,0.369938,0.100742,538,3248,716
2012-12-18,5557,0.410833,0.66625,4,1,12,0,2,1,1,0.409708,0.221404,433,5124,718
2012-12-19,5267,0.3325,0.625417,4,1,12,0,3,1,1,0.342162,0.184092,333,4934,719
2012-12-21,3623,0.326667,0.556667,1,1,12,0,5,1,2,0.301767,0.374383,221,3402,721
2012-12-23,1787,0.245833,0.515417,1,1,12,0,0,0,1,0.259471,0.133083,408,1379,723
2012-12-24,920,0.231304,0.791304,1,1,12,0,1,1,2,0.2589,0.0772304,174,746,724
2012-12-27,2114,0.254167,0.652917,1,1,12,0,4,1,2,0.226642,0.350133,247,1867,727
2012-12-28,3095,0.253333,0.59,1,1,12,0,5,1,2,0.255046,0.155471,644,2451,728
2012-12-30,1796,0.255833,0.483333,1,1,12,0,0,0,1,0.2317,0.350754,364,1432,730
2012-12-31,2729,0.215833,0.5775,1,1,12,0,1,1,2,0.223487,0.154846,439,2290,731
